index,url
1,http://developer.toshl.com/docs/entries/sums
2,http://developer.toshl.com/docs/entries/locations/list
3,http://developer.toshl.com/docs/entries/locations/get
4,http://developer.toshl.com/docs/entries/list
5,http://developer.toshl.com/docs/categories/sums/list
6,http://developer.toshl.com/docs/categories/merge/merge
7,http://developer.toshl.com/docs/categories/list
8,http://developer.toshl.com/docs/categories/delete
9,http://developer.toshl.com/docs/categories/create
10,http://developer.toshl.com/docs/budgets/reorder/reorder
11,http://developer.toshl.com/docs/budgets/move/move
12,http://developer.toshl.com/docs/budgets/list
13,http://developer.toshl.com/docs/budgets/history
14,http://developer.toshl.com/docs/budgets/get
15,http://developer.toshl.com/docs/budgets/delete
16,http://developer.toshl.com/docs/accounts/update
17,http://developer.toshl.com/docs/accounts/reorder/reorder
18,http://developer.toshl.com/docs/accounts/move/move
19,http://developer.toshl.com/docs/accounts/merge/merge
20,http://developer.toshl.com/docs/accounts/list
21,http://developer.toshl.com/docs/accounts/get
22,https://developer.toshl.com/docs/tags/sums/list
23,https://developer.toshl.com/docs/tags/list
24,https://developer.toshl.com/docs/tags/get
25,https://developer.toshl.com/docs/tags/delete
26,https://developer.toshl.com/docs/tags/create
27,https://developer.toshl.com/docs/reports/create
28,https://developer.toshl.com/docs/me/update
29,https://developer.toshl.com/docs/me/summary/get
30,https://developer.toshl.com/docs/me/summary
31,https://developer.toshl.com/docs/me/steps/list
32,https://developer.toshl.com/docs/me/shares/list
33,https://developer.toshl.com/docs/me/shares
34,https://developer.toshl.com/docs/me/settings/list
35,https://developer.toshl.com/docs/me/push/push
36,https://developer.toshl.com/docs/me/promos/get
37,https://developer.toshl.com/docs/me/promos
38,https://developer.toshl.com/docs/me/payments/update
39,https://developer.toshl.com/docs/me/payments/types
40,https://developer.toshl.com/docs/me/payments/list
41,https://developer.toshl.com/docs/me/notifications/list
42,https://developer.toshl.com/docs/me/notifications/dismiss_all/dismiss_all
43,https://developer.toshl.com/docs/me/get
44,https://developer.toshl.com/docs/me/discount/get
45,https://developer.toshl.com/docs/me/discount
46,https://developer.toshl.com/docs/me/devices
47,https://developer.toshl.com/docs/me/apps/delete
48,https://developer.toshl.com/docs/images/delete
49,https://developer.toshl.com/docs/exports/get
50,https://developer.toshl.com/docs/exports/create
51,https://developer.toshl.com/docs/entries/update
52,https://developer.toshl.com/docs/entries/sums/list
53,https://developer.toshl.com/docs/entries/split/split
54,https://developer.toshl.com/docs/entries/review/update
55,https://developer.toshl.com/docs/entries/review/delete
56,https://developer.toshl.com/docs/entries/manage/manage
57,https://developer.toshl.com/docs/entries/locations
58,https://developer.toshl.com/docs/entries/get
59,https://developer.toshl.com/docs/entries/delete
60,https://developer.toshl.com/docs/entries/create
61,https://developer.toshl.com/docs/categories/update
62,https://developer.toshl.com/docs/categories/get
63,https://developer.toshl.com/docs/budgets/update
64,https://developer.toshl.com/docs/budgets/history/list
65,https://developer.toshl.com/docs/budgets/create
66,https://developer.toshl.com/docs/bank/institutions/count/count
67,https://developer.toshl.com/docs/bank/institutions/connect/connect
68,https://developer.toshl.com/docs/bank/institutions
69,https://developer.toshl.com/docs/bank/imports/update
70,https://developer.toshl.com/docs/bank/imports/delete
71,https://developer.toshl.com/docs/bank/imports
72,https://developer.toshl.com/docs/bank/countries/list
73,https://developer.toshl.com/docs/bank/connections/update
74,https://developer.toshl.com/docs/bank/connections/refresh/refresh
75,https://developer.toshl.com/docs/bank/connections
76,https://developer.toshl.com/docs/accounts/delete
77,https://developer.toshl.com/docs/accounts/create
78,https://developer.toshl.com/docs/sync
79,https://developer.toshl.com/docs/oauth
80,https://developer.toshl.com/docs/me
81,https://developer.toshl.com/docs/free
82,https://developer.toshl.com/docs/faq
83,https://developer.toshl.com/docs/exports
84,https://developer.toshl.com/docs/errors
85,https://developer.toshl.com/docs/entries
86,http://developer.toshl.com/docs/currencies
87,https://developer.toshl.com/docs/categories
88,http://developer.toshl.com/docs/caching
89,https://developer.toshl.com/docs/changelog
90,https://developer.toshl.com/docs/budgets
91,https://developer.toshl.com/docs/basic
92,https://developer.toshl.com/docs/accounts
93,https://developer.toshl.com/docs
